#,Name,Total 1's,Total 2's,Total 3's,Total Votes,Weighted Total
1,Bulbasaur,48,26,23,97,219
2,Ivysaur,5,7,3,15,32
3,Venusaur,6,9,12,27,48
4,Charmander,17,7,3,27,68
5,Charmeleon,0,1,2,3,4
6,Charizard,64,33,27,124,285
7,Squirtle,20,15,7,42,97
8,Wartortle,7,2,7,16,32
9,Blastoise,23,15,15,53,114
10,Caterpie,0,4,0,4,8
11,Metapod,0,1,0,1,2
12,Butterfree,0,5,2,7,12
13,Weedle,1,0,0,1,3
14,Kakuna,0,0,0,0,0
15,Beedrill,2,3,4,9,16
16,Pidgey,0,0,0,0,0
17,Pidgeotto,0,1,1,2,3
18,Pidgeot,7,3,8,18,35
19,Rattata,3,0,0,3,9
20,Raticate,2,0,0,2,6
21,Spearow,0,0,1,1,1
22,Fearow,3,0,1,4,10
23,Ekans,0,2,0,2,4
24,Arbok,2,3,2,7,14
25,Pikachu,12,14,10,36,74
26,Raichu,24,15,7,46,109
27,Sandshrew,7,4,6,17,35
28,Sandslash,5,4,1,10,24
29,Nidoran ♀,0,0,0,0,0
30,Nidorina,0,1,1,2,3
31,Nidoqueen,1,2,1,4,8
32,Nidoran ♂,0,2,0,2,4
33,Nidorino,1,2,1,4,8
34,Nidoking,17,13,13,43,90
35,Clefairy,2,1,3,6,11
36,Clefable,6,3,5,14,29
37,Vulpix,22,11,6,39,94
38,Ninetales,23,16,14,53,115
39,Jigglypuff,5,1,4,10,21
40,Wigglytuff,4,4,0,8,20
41,Zubat,1,1,1,3,6
42,Golbat,2,1,0,3,8
43,Oddish,2,1,5,8,13
44,Gloom,2,2,0,4,10
45,Vileplume,5,2,3,10,22
46,Paras,1,2,1,4,8
47,Parasect,0,6,1,7,13
48,Venonat,2,4,0,6,14
49,Venomoth,0,1,0,1,2
50,Diglett,1,1,2,4,7
51,Dugtrio,0,0,0,0,0
52,Meowth,2,6,2,10,20
53,Persian,0,2,2,4,6
54,Psyduck,9,6,6,21,45
55,Golduck,1,2,2,5,9
56,Mankey,1,0,2,3,5
57,Primape,2,1,2,5,10
58,Growlithe,11,7,2,20,49
59,Arcanine,46,24,9,79,195
60,Poliwag,2,0,0,2,6
61,Poliwhirl,8,4,4,16,36
62,Poliwrath,6,3,1,10,25
63,Abra,1,0,1,2,4
64,Kadabra,3,1,0,4,11
65,Alakazam,9,15,10,34,67
66,Machop,0,0,1,1,1
67,Machoke,0,0,0,0,0
68,Machamp,1,8,5,14,24
69,Bellsprout,2,1,0,3,8
70,Weepinbell,1,0,0,1,3
71,Victreebell,0,0,1,1,1
72,Tentacool,0,0,1,1,1
73,Tentacruel,2,4,0,6,14
74,Geodude,1,1,0,2,5
75,Graveler,0,1,0,1,2
76,Golem,2,2,3,7,13
77,Ponyta,2,1,0,3,8
78,Rapidash,2,3,2,7,14
79,Slowpoke,10,3,1,14,37
80,Slowbro,6,9,4,19,40
81,Magnemite,3,1,3,7,14
82,Magneton,4,1,3,8,17
83,Farfetch'd,9,0,4,13,31
84,Doduo,1,0,0,1,3
85,Dodrio,0,1,0,1,2
86,Seel,1,0,2,3,5
87,Dewgong,3,1,3,7,14
88,Grimer,1,0,1,2,4
89,Muk,6,1,3,10,23
90,Shellder,0,0,1,1,1
91,Cloyster,4,4,1,9,21
92,Gastly,1,2,0,3,7
93,Haunter,9,5,10,24,47
94,Gengar,59,53,23,135,306
95,Onix,2,4,3,9,17
96,Drowzee,1,0,2,3,5
97,Hypno,1,1,1,3,6
98,Krabby,2,0,0,2,6
99,Kingler,3,1,3,7,14
100,Voltorb,0,1,0,1,2
101,Electrode,1,0,1,2,4
102,Exeggcute,1,0,0,1,3
103,Exeggutor,0,1,5,6,7
104,Cubone,18,6,7,31,73
105,Marowak,6,1,0,7,20
106,Hitmonlee,3,1,1,5,12
107,Hitmonchan,0,0,2,2,2
108,Lickitung,3,1,0,4,11
109,Koffing,3,2,1,6,14
110,Weezing,0,1,3,4,5
111,Rhyhorn,1,2,0,3,7
112,Chansey,1,2,0,3,7
113,Tangela,5,1,0,6,17
114,Kangaskhan,0,3,0,3,6
115,Horsea,2,1,1,4,9
116,Rhydon,1,4,2,7,13
117,Seadra,1,1,0,2,5
118,Goldeen,0,0,1,1,1
119,Seaking,0,0,0,0,0
120,Staryu,0,3,0,3,6
121,Starmie,13,3,4,20,49
122,Mr. Mime,1,0,0,1,3
123,Scyther,6,20,6,32,64
124,Jynx,2,2,1,5,11
125,Electabuzz,4,0,1,5,13
126,Magmar,1,1,0,2,5
127,Pinsir,0,0,1,1,1
128,Tauros,1,2,2,5,9
129,Magikarp,3,2,3,8,16
130,Gyarados,8,9,9,26,51
131,Lapras,20,14,16,50,104
132,Ditto,12,10,6,28,62
133,Eevee,31,18,17,66,146
134,Vaporeon,14,13,5,32,73
135,Jolteon,23,15,13,51,112
136,Flareon,7,7,3,17,38
137,Porygon,8,7,6,21,44
138,Omanyte,1,0,0,1,3
139,Omastar,0,4,2,6,10
140,Kabuto,0,1,2,3,4
141,Kabutops,4,6,8,18,32
142,Aerodactyl,5,3,3,11,24
143,Snorlax,29,23,12,64,145
144,Articuno,6,10,9,25,47
145,Zapdos,7,5,6,18,37
146,Moltres,0,1,2,3,4
147,Dratini,1,2,1,4,8
148,Dragonair,9,6,6,21,45
149,Dragonite,39,24,25,88,190
150,Mewtwo,15,19,20,54,103
151,Mew,20,21,14,55,116
152,Chikorita,4,8,1,13,29
153,Bayleef,3,3,4,10,19
154,Meganium,8,5,2,15,36
155,Cyndaquil,22,19,14,55,118
156,Quilava,7,5,5,17,36
157,Typhlosion,35,29,14,78,177
158,Totodile,14,9,12,35,72
159,Croconaw,1,0,2,3,5
160,Feraligatr,14,8,9,31,67
161,Sentret,1,0,0,1,3
162,Furret,6,9,5,20,41
163,Hoothoot,2,0,0,2,6
164,Noctowl,1,2,1,4,8
165,Ledyba,0,0,0,0,0
166,Ledian,2,1,2,5,10
167,Spinarak,1,0,2,3,5
168,Ariados,4,1,1,6,15
169,Crobat,15,18,17,50,98
170,Chinchou,2,0,0,2,6
171,Lanturn,7,1,6,14,29
172,Pichu,2,1,5,8,13
173,Cleffa,0,0,1,1,1
174,Igglybuff,0,1,0,1,2
175,Togepi,3,1,4,8,15
176,Togetic,0,0,0,0,0
177,Natu,1,0,1,2,4
178,Xatu,2,0,1,3,7
179,Mareep,10,5,6,21,46
180,Flaaffy,2,6,1,9,19
181,Ampharos,34,23,19,76,167
182,Bellossom,0,2,3,5,7
183,Marill,3,3,1,7,16
184,Azumarill,12,13,9,34,71
185,Sudowoodo,6,0,1,7,19
186,Politoed,5,3,6,14,27
187,Hoppip,0,0,0,0,0
188,Skiploom,0,0,0,0,0
189,Jumpluff,3,1,4,8,15
190,Aipom,7,1,2,10,25
191,Sunkern,1,1,0,2,5
192,Sunflora,2,1,0,3,8
193,Yanma,2,1,2,5,10
194,Wooper,9,9,8,26,53
195,Quagsire,8,8,12,28,52
196,Espeon,23,29,20,72,147
197,Umbreon,43,54,34,131,271
198,Murkrow,3,5,4,12,23
199,Slowking,2,3,3,8,15
200,Misdreavus,6,6,2,14,32
201,Unown,3,0,0,3,9
202,Wobbuffet,9,1,2,12,31
203,Girafarig,6,1,5,12,25
204,Pineco,0,0,1,1,1
205,Forretress,2,5,0,7,16
206,Dunsparce,7,8,8,23,45
207,Gligar,4,1,2,7,16
208,Steelix,5,10,9,24,44
209,Snubbull,1,2,0,3,7
210,Granbull,0,0,0,0,0
211,Quilfish,1,1,2,4,7
212,Scizor,35,29,24,88,187
213,Shuckle,10,11,4,25,56
214,Heracross,14,16,12,42,86
215,Sneasel,8,4,2,14,34
216,Teddiursa,5,2,3,10,22
217,Ursaring,1,0,1,2,4
218,Slugma,0,0,0,0,0
219,Magcargo,1,2,4,7,11
220,Swinub,4,3,2,9,20
221,Piloswine,2,3,0,5,12
222,Corsola,1,5,0,6,13
223,Remoraid,0,0,0,0,0
224,Octillery,1,5,1,7,14
225,Delibird,2,3,1,6,13
226,Mantine,4,1,2,7,16
227,Skarmory,8,7,5,20,43
228,Houndour,1,1,2,4,7
229,Houndoom,15,9,14,38,77
230,Kingdra,5,6,8,19,35
231,Phanpy,3,4,4,11,21
232,Donphan,2,9,2,13,26
233,Porygon2,6,4,3,13,29
234,Stantler,1,0,1,2,4
235,Smeargle,4,3,5,12,23
236,Tyrogue,0,0,0,0,0
237,Hitmontop,1,0,2,3,5
238,Smoochum,1,1,1,3,6
239,Elekid,1,0,0,1,3
240,Magby,0,1,1,2,3
241,Miltank,1,4,2,7,13
242,Blissey,1,2,3,6,10
243,Raikou,3,0,6,9,15
244,Entei,1,3,6,10,15
245,Suicune,8,11,10,29,56
246,Larvitar,1,3,0,4,9
247,Pupitar,0,0,0,0,0
248,Tyranitar,28,35,28,91,182
249,Lugia,23,25,25,73,144
250,Ho-Oh,1,5,8,14,21
251,Celebi,2,6,4,12,22
252,Treecko,7,3,1,11,28
253,Grovyle,10,6,4,20,46
254,Sceptile,19,28,11,58,124
255,Torchic,6,3,5,14,29
256,Combusken,0,0,1,1,1
257,Blaziken,29,33,14,76,167
258,Mudkip,30,16,15,61,137
259,Marshtomp,2,2,2,6,12
260,Swampert,28,29,23,80,165
261,Poochyena,0,0,2,2,2
262,Mightyena,3,4,3,10,20
263,Zigzagoon,2,4,3,9,17
264,Linoone,1,0,2,3,5
265,Wurmple,0,1,3,4,5
266,Silcoon,0,0,1,1,1
267,Beautifly,0,0,0,0,0
268,Cascoon,2,1,3,6,11
269,Dustox,0,1,1,2,3
270,Lotad,2,3,1,6,13
271,Lombre,0,0,0,0,0
272,Ludicolo,9,4,8,21,43
273,Seedot,2,0,0,2,6
274,Nuzleaf,0,0,0,0,0
275,Shiftry,1,2,3,6,10
276,Taillow,1,1,0,2,5
277,Swellow,3,3,3,9,18
278,Wingull,1,0,1,2,4
279,Pelipper,1,0,2,3,5
280,Ralts,0,1,1,2,3
281,Kirlia,0,4,1,5,9
282,Gardevoir,34,46,39,119,233
283,Surskit,2,0,1,3,7
284,Masquerain,0,2,1,3,5
285,Shroomish,1,3,2,6,11
286,Breloom,18,15,19,52,103
287,Slakoth,0,0,1,1,1
288,Vigoroth,0,0,0,0,0
289,Slaking,0,1,2,3,4
290,Nincada,0,0,0,0,0
291,Ninjask,3,1,0,4,11
292,Shedinja,9,1,5,15,34
293,Whismur,2,0,0,2,6
294,Loudred,0,0,0,0,0
295,Exploud,4,0,4,8,16
296,Makuhita,2,0,1,3,7
297,Hariyama,0,0,1,1,1
298,Azurill,0,0,0,0,0
299,Nosepass,0,1,2,3,4
300,Skitty,3,2,4,9,17
301,Delcatty,2,1,1,4,9
302,Sableye,16,6,8,30,68
303,Mawile,21,13,8,42,97
304,Aron,1,4,3,8,14
305,Lairon,0,0,1,1,1
306,Aggron,16,16,17,49,97
307,Meditite,0,0,0,0,0
308,Medicham,1,1,0,2,5
309,Electrike,0,0,0,0,0
310,Manectric,4,2,0,6,16
311,Plusle,3,1,2,6,13
312,Minun,4,2,4,10,20
313,Volbeat,0,1,0,1,2
314,Illumise,0,0,1,1,1
315,Roselia,0,1,1,2,3
316,Gulpin,2,0,1,3,7
317,Swalot,1,1,1,3,6
318,Carvanha,0,0,0,0,0
319,Sharpedo,1,3,1,5,10
320,Wailmer,0,2,1,3,5
321,Wailord,4,3,3,10,21
322,Numel,1,0,0,1,3
323,Camerupt,9,0,3,12,30
324,Torkoal,1,6,2,9,17
325,Spoink,3,0,1,4,10
326,Grumpig,1,0,1,2,4
327,Spinda,4,2,1,7,17
328,Trapinch,1,3,0,4,9
329,Vibrava,0,0,0,0,0
330,Flygon,33,29,41,103,198
331,Cacnea,1,0,1,2,4
332,Cacturne,2,1,0,3,8
333,Swablu,1,3,0,4,9
334,Altaria,13,10,10,33,69
335,Zangoose,7,5,5,17,36
336,Seviper,2,1,2,5,10
337,Lunatone,1,0,0,1,3
338,Solrock,0,0,0,0,0
339,Barboach,0,0,0,0,0
340,Whiscash,1,2,1,4,8
341,Corphish,0,1,1,2,3
342,Crawdaunt,0,0,2,2,2
343,Baltoy,0,0,0,0,0
344,Claydol,1,0,2,3,5
345,Lileep,1,0,1,2,4
346,Cradily,4,2,6,12,22
347,Anorith,2,0,1,3,7
348,Armaldo,0,1,1,2,3
349,Feebas,0,0,0,0,0
350,Milotic,15,17,14,46,93
351,Castform,3,3,5,11,20
352,Kecleon,2,1,1,4,9
353,Shuppet,0,0,0,0,0
354,Banette,12,7,9,28,59
355,Duskull,1,0,1,2,4
356,Dusclops,2,3,0,5,12
357,Tropius,5,4,2,11,25
358,Chimecho,2,2,2,6,12
359,Absol,40,22,21,83,185
360,Wynaut,0,1,1,2,3
361,Snorunt,2,2,1,5,11
362,Glalie,3,4,4,11,21
363,Spheal,11,3,8,22,47
364,Sealeo,1,0,0,1,3
365,Walrein,0,3,2,5,8
366,Clamperl,0,0,0,0,0
367,Huntail,0,0,0,0,0
368,Gorebyss,0,0,0,0,0
369,Relicanth,0,3,4,7,10
370,Luvdisc,0,0,0,0,0
371,Bagon,0,1,0,1,2
372,Shelgon,0,1,0,1,2
373,Salamence,12,17,15,44,85
374,Beldum,0,1,1,2,3
375,Metang,0,1,0,1,2
376,Metagross,27,39,29,95,188
377,Regirock,1,3,2,6,11
378,Regice,1,0,2,3,5
379,Registeel,1,0,2,3,5
380,Latias,8,10,10,28,54
381,Latios,6,6,4,16,34
382,Kyogre,6,12,4,22,46
383,Groudon,4,4,6,14,26
384,Rayquaza,18,36,25,79,151
385,Jirachi,11,5,12,28,55
386,Deoxys,7,11,6,24,49
387,Turtwig,8,7,5,20,43
388,Grotle,0,0,0,0,0
389,Torterra,23,20,20,63,129
390,Chimchar,2,1,1,4,9
391,Monferno,0,1,1,2,3
392,Infernape,24,23,19,66,137
393,Piplup,14,5,8,27,60
394,Prinplup,0,0,0,0,0
395,Empoleon,12,17,9,38,79
396,Starly,0,0,1,1,1
397,Staravia,0,0,0,0,0
398,Staraptor,3,3,8,14,23
399,Bidoof,2,4,5,11,19
400,Bibarel,1,0,0,1,3
401,Kricketot,0,0,0,0,0
402,Kricketune,1,0,1,2,4
403,Shinx,6,6,1,13,31
404,Luxio,1,2,0,3,7
405,Luxray,13,16,19,48,90
406,Budew,0,0,0,0,0
407,Roserade,5,10,8,23,43
408,Cranidos,0,0,1,1,1
409,Rampardos,0,1,2,3,4
410,Shieldon,1,1,0,2,5
411,Bastiodon,2,1,2,5,10
412,Burmy,0,0,0,0,0
413,Wormadam,0,0,0,0,0
414,Mothim,0,0,0,0,0
415,Combee,0,0,0,0,0
416,Vespiquen,0,0,2,2,2
417,Pachirisu,4,7,2,13,28
418,Buizel,5,0,3,8,18
419,Floatzel,6,1,2,9,22
420,Cherubi,1,0,1,2,4
421,Cherrim,1,0,0,1,3
422,Shellos,1,2,3,6,10
423,Gastrodon,4,6,6,16,30
424,Ambipom,3,0,1,4,10
425,Drifloon,3,3,1,7,16
426,Drifblim,0,2,5,7,9
427,Buneary,1,1,0,2,5
428,Lopunny,5,3,5,13,26
429,Mismagius,9,6,10,25,49
430,Honchkrow,3,6,2,11,23
431,Glameow,0,0,0,0,0
432,Purugly,0,1,1,2,3
433,Chingling,2,1,0,3,8
434,Stunky,1,0,0,1,3
435,Skuntank,1,3,0,4,9
436,Bronzor,0,0,0,0,0
437,Bronzong,0,1,2,3,4
438,Bonsly,0,0,0,0,0
439,Mime Jr.,0,0,3,3,3
440,Happiny,0,0,0,0,0
441,Chatot,1,2,2,5,9
442,Spiritomb,1,4,5,10,16
443,Gible,3,3,0,6,15
444,Gabite,0,0,0,0,0
445,Garchomp,33,37,31,101,204
446,Munchlax,2,2,2,6,12
447,Riolu,3,5,2,10,21
448,Lucario,30,39,32,101,200
449,Hippopotas,0,0,0,0,0
450,Hippowdon,2,2,3,7,13
451,Skorupi,1,1,1,3,6
452,Drapion,3,10,5,18,34
453,Croagunk,5,3,1,9,22
454,Toxicroak,4,7,6,17,32
455,Carnivine,2,1,1,4,9
456,Finneon,0,0,1,1,1
457,Lumineon,0,0,2,2,2
458,Mantyke,0,0,0,0,0
459,Snover,0,0,0,0,0
460,Abomasnow,1,2,2,5,9
461,Weavile,16,15,9,40,87
462,Magnezone,5,7,7,19,36
463,Lickilicky,0,1,1,2,3
464,Rhyperior,0,1,3,4,5
465,Tangrowth,3,3,0,6,15
466,Electivire,4,3,8,15,26
467,Magmortar,0,1,2,3,4
468,Togekiss,12,13,11,36,73
469,Yanmega,6,4,3,13,29
470,Leafeon,13,9,9,31,66
471,Glaceon,13,13,9,35,74
472,Gliscor,22,19,11,52,115
473,Mamoswine,4,9,8,21,38
474,Porygon-Z,10,10,7,27,57
475,Gallade,25,19,18,62,131
476,Probopass,1,0,3,4,6
477,Dusknoir,5,6,3,14,30
478,Froslass,5,9,9,23,42
479,Rotom,1,3,4,8,13
480,Uxie,0,0,1,1,1
481,Mespirit,0,0,2,2,2
482,Azelf,0,0,0,0,0
483,Dialga,3,7,5,15,28
484,Palkia,0,3,4,7,10
485,Heatran,3,0,1,4,10
486,Regigigas,1,3,5,9,14
487,Giratina,17,24,19,60,118
488,Cresselia,1,0,1,2,4
489,Phione,0,0,0,0,0
490,Manaphy,2,3,2,7,14
491,Darkrai,5,13,17,35,58
492,Shaymin,4,7,9,20,35
493,Arceus,2,3,3,8,15
494,Victini,9,8,10,27,53
495,Snivy,10,5,5,20,45
496,Servine,0,0,1,1,1
497,Serperior,16,8,14,38,78
498,Tepig,6,0,2,8,20
499,Pignite,0,0,0,0,0
500,Emboar,7,4,3,14,32
501,Oshawott,6,7,11,24,43
502,Dewott,3,3,3,9,18
503,Samurott,7,10,3,20,44
504,Patrat,0,0,0,0,0
505,Watchog,0,0,0,0,0
506,Lillipup,0,0,1,1,1
507,Herdier,0,1,1,2,3
508,Stoutland,2,1,1,4,9
509,Purrloin,0,0,1,1,1
510,Liepard,0,2,1,3,5
511,Pansage,0,1,0,1,2
512,Simisage,0,1,0,1,2
513,Pansear,1,0,1,2,4
514,Simisear,0,3,0,3,6
515,Panpour,0,1,0,1,2
516,Simipour,0,0,1,1,1
517,Munna,0,0,1,1,1
518,Musharna,1,1,1,3,6
519,Pidove,1,0,0,1,3
520,Tranquill,0,0,0,0,0
521,Unfezant,0,0,0,0,0
522,Blitzle,0,1,0,1,2
523,Zebstrika,3,1,2,6,13
524,Roggenrola,0,0,1,1,1
525,Boldore,0,1,0,1,2
526,Gigalith,0,2,2,4,6
527,Woobat,0,0,0,0,0
528,Swoobat,2,1,0,3,8
529,Drilbur,0,0,0,0,0
530,Excadrill,5,5,6,16,31
531,Audino,3,4,1,8,18
532,Timburr,0,0,0,0,0
533,Gurdurr,0,0,0,0,0
534,Conkeldurr,2,4,1,7,15
535,Tympole,0,0,0,0,0
536,Palpitoad,1,1,0,2,5
537,Seismitoad,0,1,1,2,3
538,Throh,1,0,0,1,3
539,Sawk,1,0,0,1,3
540,Sewaddle,1,4,1,6,12
541,Swadloon,1,3,4,8,13
542,Leavanny,4,3,4,11,22
543,Venipede,0,1,0,1,2
544,Whirlipede,0,1,1,2,3
545,Scolipede,9,11,7,27,56
546,Cottonee,0,1,0,1,2
547,Whimsicott,14,7,9,30,65
548,Petilil,1,0,0,1,3
549,Lilligant,8,5,13,26,47
550,Basculin,0,2,0,2,4
551,Sandile,1,1,1,3,6
552,Krokorok,0,0,2,2,2
553,Krookodile,12,14,12,38,76
554,Darumaka,0,0,0,0,0
555,Darmanitan,2,0,3,5,9
556,Maractus,1,5,2,8,15
557,Dwebble,2,2,2,6,12
558,Crustle,2,3,3,8,15
559,Scraggy,3,2,0,5,13
560,Scrafty,3,2,4,9,17
561,Sigilyph,4,2,5,11,21
562,Yamask,0,0,2,2,2
563,Cofagrigus,1,5,3,9,16
564,Tirtouga,0,0,0,0,0
565,Carracosta,0,1,0,1,2
566,Archen,1,1,1,3,6
567,Archeops,7,6,2,15,35
568,Trubbish,1,4,3,8,14
569,Garbodor,1,0,1,2,4
570,Zorua,8,6,3,17,39
571,Zoroark,11,15,17,43,80
572,Minccino,0,1,1,2,3
573,Cinccino,7,2,2,11,27
574,Gothita,0,1,1,2,3
575,Gothorita,1,1,0,2,5
576,Gothitelle,1,2,1,4,8
577,Solosis,1,1,0,2,5
578,Duosion,0,0,0,0,0
579,Reuniclus,11,8,12,31,61
580,Ducklett,2,0,2,4,8
581,Swanna,0,1,0,1,2
582,Vanillite,1,0,0,1,3
583,Vanillish,0,1,0,1,2
584,Vanilluxe,1,1,0,2,5
585,Deerling,0,0,0,0,0
586,Sawsbuck,1,2,3,6,10
587,Emolga,3,2,3,8,16
588,Karrablast,0,0,0,0,0
589,Escavalier,1,1,4,6,9
590,Foongus,1,0,1,2,4
591,Amoonguss,0,0,1,1,1
592,Frillish,1,0,1,2,4
593,Jellicent,1,2,2,5,9
594,Alolomola,1,0,2,3,5
595,Joltik,11,7,8,26,55
596,Galvantula,6,8,3,17,37
597,Ferroseed,1,0,0,1,3
598,Ferrothorn,2,2,5,9,15
599,Klink,1,2,0,3,7
600,Klang,0,1,0,1,2
601,Klinklang,3,0,3,6,12
602,Tynamo,0,0,0,0,0
603,Eelektrik,0,0,0,0,0
604,Eelektross,6,5,8,19,36
605,Elgyem,1,3,0,4,9
606,Beheeyem,1,0,3,4,6
607,Litwick,2,5,4,11,20
608,Lampent,1,2,2,5,9
609,Chandelure,18,24,25,67,127
610,Axew,0,2,0,2,4
611,Fraxure,0,0,1,1,1
612,Haxorus,10,6,14,30,56
613,Cubchoo,0,0,1,1,1
614,Beartic,4,0,0,4,12
615,Cryogonal,1,2,1,4,8
616,Shelmet,0,0,0,0,0
617,Accelgor,0,1,3,4,5
618,Stunfisk,0,2,4,6,8
619,Mienfoo,1,0,1,2,4
620,Mienshao,1,1,6,8,11
621,Druddigon,1,1,0,2,5
622,Golett,0,1,1,2,3
623,Golurk,7,11,8,26,51
624,Pawniard,0,0,1,1,1
625,Bisharp,11,9,4,24,55
626,Bouffalant,0,0,0,0,0
627,Rufflet,0,0,0,0,0
628,Braviary,2,3,3,8,15
629,Vullaby,0,0,0,0,0
630,Mandibuzz,0,1,0,1,2
631,Heatmor,0,0,0,0,0
632,Durant,0,0,0,0,0
633,Deino,1,4,1,6,12
634,Zweilous,0,0,0,0,0
635,Hydreigon,10,15,22,47,82
636,Larvesta,3,0,0,3,9
637,Volcarona,32,30,37,99,193
638,Cobalion,0,2,1,3,5
639,Terrakion,1,0,0,1,3
640,Virizion,0,2,0,2,4
641,Tornadus,0,0,0,0,0
642,Thundurus,0,0,0,0,0
643,Reshiram,7,3,5,15,32
644,Zekrom,2,5,9,16,25
645,Landorus,2,0,2,4,8
646,Kyurem,2,4,4,10,18
647,Keldeo,0,0,2,2,2
648,Meloetta,4,5,7,16,29
649,Genesect,1,0,3,4,6
650,Chespin,3,1,3,7,14
651,Quilladin,2,1,1,4,9
652,Chesnaught,4,2,3,9,19
653,Fennekin,2,4,4,10,18
654,Braixen,4,5,7,16,29
655,Delphox,5,8,10,23,41
656,Froakie,1,1,0,2,5
657,Frogadier,0,0,1,1,1
658,Greninja,15,21,22,58,109
659,Bunnelby,0,0,0,0,0
660,Diggersby,0,0,0,0,0
661,Fletchling,0,2,0,2,4
662,Fletchinder,1,0,2,3,5
663,Talonflame,4,5,7,16,29
664,Scatterbug,0,0,0,0,0
665,Spewpa,0,1,0,1,2
666,Vivillon,1,2,2,5,9
667,Litleo,2,1,0,3,8
668,Pyroar,0,0,1,1,1
669,Flabébé,0,0,0,0,0
670,Floette,2,2,1,5,11
671,Florges,0,0,0,0,0
672,Skiddo,1,0,1,2,4
673,Gogoat,1,2,1,4,8
674,Pancham,1,0,2,3,5
675,Pangoro,2,0,1,3,7
676,Furfrou,1,0,4,5,7
677,Espurr,4,2,2,8,18
678,Meowstic,5,5,3,13,28
679,Honedge,0,2,0,2,4
680,Doublade,0,0,2,2,2
681,Aegislash,11,9,11,31,62
682,Spritzee,1,0,0,1,3
683,Aromatisse,2,0,1,3,7
684,Swirlix,0,0,1,1,1
685,Slurpuff,1,2,2,5,9
686,Inkay,0,0,1,1,1
687,Malamar,2,3,4,9,16
688,Binacle,0,0,0,0,0
689,Barbaracle,0,0,1,1,1
690,Skrelp,1,0,1,2,4
691,Dragalge,3,3,3,9,18
692,Clauncher,1,2,1,4,8
693,Clawitzer,1,3,1,5,10
694,Helioptile,2,0,0,2,6
695,Heliolisk,3,1,2,6,13
696,Tyrunt,0,1,2,3,4
697,Tyrantrum,3,12,9,24,42
698,Amaura,0,1,0,1,2
699,Aurorus,5,3,5,13,26
700,Sylveon,27,36,24,87,177
701,Hawlucha,2,3,3,8,15
702,Dedenne,5,1,3,9,20
703,Carbink,0,3,2,5,8
704,Goomy,4,6,2,12,26
705,Sliggoo,0,2,0,2,4
706,Goodra,9,8,9,26,52
707,Klefki,1,1,4,6,9
708,Phantump,5,1,4,10,21
709,Trevenant,4,8,7,19,35
710,Pumpkaboo,2,6,4,12,22
711,Gourgeist,1,1,1,3,6
712,Bergmite,1,0,1,2,4
713,Avalugg,2,1,1,4,9
714,Noibat,2,1,3,6,11
715,Noivern,12,12,10,34,70
716,Xerneas,3,7,3,13,26
717,Yveltal,2,3,6,11,18
718,Zygarde,0,6,3,9,15
719,Diancie,1,5,4,10,17
720,Hoopa,0,3,1,4,7
721,Volcanion,0,0,0,0,0
722,Rowlet,12,11,18,41,76
723,Dartrix,0,1,0,1,2
724,Decidueye,13,21,29,63,110
725,Litten,2,0,5,7,11
726,Torracat,0,3,2,5,8
727,Incineroar,4,8,5,17,33
728,Popplio,4,2,2,8,18
729,Brionne,0,0,1,1,1
730,Primarina,4,13,10,27,48
731,Pikipek,0,0,0,0,0
732,Trumbeak,0,0,0,0,0
733,Toucannon,0,1,2,3,4
734,Yungoos,0,0,1,1,1
735,Gumshoos,0,0,0,0,0
736,Grubbin,0,0,1,1,1
737,Charjabug,2,1,2,5,10
738,Vikavolt,3,0,2,5,11
739,Crabrawler,0,1,0,1,2
740,Crabominable,0,0,0,0,0
741,Oricorio,1,2,2,5,9
742,Cutiefly,1,0,2,3,5
743,Ribombee,5,3,4,12,25
744,Rockruff,2,3,2,7,14
745,Lycanroc,1,6,10,17,25
746,Wishiwashi,0,1,2,3,4
747,Mareanie,3,0,0,3,9
748,Toxapex,4,3,4,11,22
749,Mudbray,0,0,0,0,0
750,Mudsdale,0,5,4,9,14
751,Dewpider,0,1,0,1,2
752,Araquanid,4,0,0,4,12
753,Fomantis,0,0,1,1,1
754,Lurantis,4,6,9,19,33
755,Morelull,0,0,1,1,1
756,Shiinotic,1,0,2,3,5
757,Salandit,1,3,0,4,9
758,Salazzle,2,4,3,9,17
759,Stufful,3,0,0,3,9
760,Bewear,2,2,7,11,17
761,Bounsweet,0,0,0,0,0
762,Steenee,0,0,1,1,1
763,Tsareena,2,2,4,8,14
764,Comfey,0,1,1,2,3
765,Oranguru,0,0,0,0,0
766,Passimian,0,0,0,0,0
767,Wimpod,1,1,0,2,5
768,Golisopod,3,11,6,20,37
769,Sandygast,1,0,1,2,4
770,Palossand,0,5,4,9,14
771,Pyukumuku,4,3,4,11,22
772,Type: Null,1,2,0,3,7
773,Silvally,2,5,6,13,22
774,Minior,6,5,3,14,31
775,Komala,2,0,0,2,6
776,Turtonator,0,1,2,3,4
777,Togedemaru,1,1,2,4,7
778,MImikyu,29,32,31,92,182
779,Bruxish,0,0,1,1,1
780,Drampa,0,2,2,4,6
781,Dhelmise,1,7,3,11,20
782,Jangmo-o,0,0,1,1,1
783,Hakamo-o,0,0,0,0,0
784,Kommo-o,2,2,3,7,13
785,Tapu Koko,1,2,0,3,7
786,Tapu Lele,1,0,1,2,4
787,Tapu Bulu,0,1,0,1,2
788,Tapu Fini,0,1,0,1,2
789,Cosmog,0,1,1,2,3
790,Cosmoem,0,0,1,1,1
791,Solgaleo,0,2,4,6,8
792,Lunala,4,2,8,14,24
793,Nihilego,2,1,1,4,9
794,Buzzwole,2,2,3,7,13
795,Pheromosa,0,0,1,1,1
796,Xurkitree,1,1,3,5,8
797,Celesteela,0,1,1,2,3
798,Kartana,2,1,1,4,9
799,Guzzlord,1,0,1,2,4
800,Necrozma,2,2,6,10,16
801,Magearna,0,3,3,6,9
802,Marshadow,5,5,5,15,30
803,Poipole,1,1,0,2,5
804,Naganadel,1,1,0,2,5
805,Stakataka,1,0,1,2,4
806,Blacephalon,1,1,1,3,6
807,Zeraora,1,1,3,5,8
808,Meltan,0,1,2,3,4
809,Melmetal,1,1,2,4,7
810,Grookey,1,0,1,2,4
811,Thwackey,0,0,0,0,0
812,Rillaboom,3,1,1,5,12
813,Scorbunny,2,3,4,9,16
814,Raboot,0,1,0,1,2
815,Cinderace,7,3,3,13,30
816,Sobble,1,1,1,3,6
817,Drizzile,1,0,0,1,3
818,Inteleon,0,3,1,4,7
819,Skwovet,1,1,2,4,7
820,Greedent,0,0,2,2,2
821,Rookidee,0,1,0,1,2
822,Corvisquire,0,0,0,0,0
823,Corviknight,6,5,14,25,42
824,Blipbug,0,1,0,1,2
825,Dottler,0,0,0,0,0
826,Orbeetle,0,1,0,1,2
827,Nickit,0,0,2,2,2
828,Thievul,0,0,1,1,1
829,Gossifleur,0,0,0,0,0
830,Eldegoss,1,1,0,2,5
831,Wooloo,1,2,2,5,9
832,Dubwool,0,0,2,2,2
833,Chewtle,0,0,0,0,0
834,Drednaw,1,0,0,1,3
835,Yamper,0,0,0,0,0
836,Boltund,0,1,1,2,3
837,Rolycoly,0,0,0,0,0
838,Carkol,0,1,0,1,2
839,Coalossal,0,0,0,0,0
840,Applin,0,0,0,0,0
841,Flapple,1,0,5,6,8
842,Appletun,6,5,13,24,41
843,Silicobra,0,0,0,0,0
844,Sandaconda,0,1,1,2,3
845,Cramorant,2,2,3,7,13
846,Arrokuda,0,0,0,0,0
847,Barraskewda,0,1,1,2,3
848,Toxel,0,1,1,2,3
849,Toxtricity,4,7,15,26,41
850,Sizzilipede,0,0,0,0,0
851,Centiskorch,0,4,3,7,11
852,Clobbopus,2,0,0,2,6
853,Grapploct,1,0,1,2,4
854,Sinistea,1,0,1,2,4
855,Polteageist,3,2,4,9,17
856,Hatenna,0,1,0,1,2
857,Hattrem,2,1,2,5,10
858,Hatterene,3,6,4,13,25
859,Impidimp,0,1,0,1,2
860,Morgrem,0,0,0,0,0
861,Grimmsnarl,3,4,5,12,22
862,Obstagoon,2,6,2,10,20
863,Perrserker,2,0,1,3,7
864,Cursola,0,1,1,2,3
865,Sirfetch'd,0,4,9,13,17
866,Mr. Rime,0,0,1,1,1
867,Runerigus,1,0,4,5,7
868,Milcery,0,0,0,0,0
869,Alcremie,2,2,3,7,13
870,Falinks,4,4,7,15,27
871,Pincurchin,0,0,0,0,0
872,Snom,4,10,8,22,40
873,Frosmoth,1,1,1,3,6
874,Stonjourner,0,0,1,1,1
875,Eiscue,1,0,3,4,6
876,Indeedee,0,1,1,2,3
877,Morpeko,1,2,0,3,7
878,Cufant,1,0,0,1,3
879,Copperajah,1,1,0,2,5
880,Dracozolt,3,2,1,6,14
881,Arctozolt,0,2,1,3,5
882,Dracovish,2,0,3,5,9
883,Arctovish,0,0,1,1,1
884,Duraludon,0,1,1,2,3
885,Dreepy,0,1,2,3,4
886,Drakloak,0,0,0,0,0
887,Dragapult,15,13,22,50,93
888,Zacian,2,5,1,8,17
889,Zamazenta,0,1,0,1,2
890,Eternatus,0,2,3,5,7
891,Kubfu,1,0,0,1,3
892,Urshifu,0,2,3,5,7
893,Zarude,0,0,1,1,1
894,Regieleki,0,1,0,1,2
895,Regidrago,1,0,0,1,3
896,Glastrier,0,0,1,1,1
897,Spectrier,0,1,0,1,2
898,Calyrex,0,0,0,0,0
899,Wyrdeer,1,0,2,3,5
900,Kleavor,1,1,4,6,9
901,Ursaluna,2,2,8,12,18
902,Basculegion,2,1,1,4,9
903,Sneasler,2,2,4,8,14
904,Overqwil,2,1,1,4,9
905,Enamorus,0,2,0,2,4
906,Sprigatito,1,1,8,10,13
907,Floragato,0,1,2,3,4
908,Meowscarada,6,8,16,30,50
909,Fuecoco,3,4,10,17,27
910,Crocalor,0,0,0,0,0
911,Skeledirge,0,3,6,9,12
912,Quaxly,0,1,1,2,3
913,Quaxwell,0,0,0,0,0
914,Quaquaval,0,1,3,4,5
915,Lechonk,0,1,3,4,5
916,Oinkologne,0,0,1,1,1
917,Tarountula,0,0,1,1,1
918,Spidops,0,0,0,0,0
919,Nymble,0,0,0,0,0
920,Lokix,1,0,3,4,6
921,Pawmi,1,1,2,4,7
922,Pawmo,0,1,0,1,2
923,Pawmot,0,0,2,2,2
924,Tandemaus,0,0,1,1,1
925,Maushold,3,6,9,18,30
926,Fidough,1,0,0,1,3
927,Dachsbun,1,4,4,9,15
928,Smoliv,2,1,4,7,12
929,Dolliv,0,0,1,1,1
930,Arboliva,0,0,0,0,0
931,Squawkabilly,0,0,0,0,0
932,Nacli,0,1,2,3,4
933,Naclstack,0,0,0,0,0
934,Garganacl,0,2,4,6,8
935,Charcadet,1,0,1,2,4
936,Armarouge,0,1,1,2,3
937,Ceruledge,7,9,21,37,60
938,Tadbulb,0,0,0,0,0
939,Bellibolt,1,2,1,4,8
940,Wattrel,0,0,1,1,1
941,Kilowattrel,0,1,2,3,4
942,Maschiff,0,0,0,0,0
943,Mabosstiff,0,0,0,0,0
944,Shroodle,0,0,0,0,0
945,Grafaiai,2,3,3,8,15
946,Bramblin,0,0,1,1,1
947,Brambleghast,1,1,0,2,5
948,Toedscool,1,0,0,1,3
949,Toedscruel,0,0,3,3,3
950,Klawf,0,0,3,3,3
951,Capsakid,0,0,0,0,0
952,Scovillain,0,1,2,3,4
953,Rellor,0,1,1,2,3
954,Rabsca,0,0,2,2,2
955,Flittle,0,0,0,0,0
956,Espathra,0,0,2,2,2
957,Tinkatink,0,0,0,0,0
958,Tinkatuff,0,0,0,0,0
959,Tinkaton,7,14,36,57,85
960,Wiglett,0,1,1,2,3
961,Wugtrio,0,0,0,0,0
962,Bombirdier,0,0,0,0,0
963,Finizen,0,0,0,0,0
964,Palafin,0,0,5,5,5
965,Varoom,0,0,0,0,0
966,Revavroom,0,1,1,2,3
967,Cyclizar,0,0,1,1,1
968,Orthworm,1,0,2,3,5
969,Glimmet,1,0,0,1,3
970,Glimmora,2,1,5,8,13
971,Greavard,0,1,1,2,3
972,Houndstone,1,0,0,1,3
973,Flamigo,1,0,2,3,5
974,Cetoddle,0,1,0,1,2
975,Cetitan,0,0,3,3,3
976,Veluza,0,0,1,1,1
977,Dondozo,0,0,1,1,1
978,Tatsugiri,0,3,5,8,11
979,Annihilape,4,4,12,20,32
980,Clodsire,4,22,17,43,73
981,Farigiraf,3,1,3,7,14
982,Dudunsparce,1,1,1,3,6
983,Kingambit,1,2,4,7,11
984,Great Tusk,1,1,1,3,6
985,Scream Tail,0,2,2,4,6
986,Brute Bonnet,0,0,0,0,0
987,Flutter Mane,0,0,4,4,4
988,Slither Wing,4,6,6,16,30
989,Sandy Shocks,1,1,0,2,5
990,Iron Treads,0,0,1,1,1
991,Iron Bundle,0,0,3,3,3
992,Iron Hands,0,0,0,0,0
993,Iron Jugulis,0,0,1,1,1
994,Iron Moth,1,0,0,1,3
995,Iron Thorns,0,0,0,0,0
996,Frigibax,0,0,0,0,0
997,Arctibax,0,1,0,1,2
998,Baxcalibur,0,0,4,4,4
999,Gimmighoul,1,0,2,3,5
1000,Gholdengo,1,5,7,13,20
1001,Wo-Chien,0,3,3,6,9
1002,Chien-Pao,1,2,5,8,12
1003,Ting-Lu,0,0,0,0,0
1004,Chi-Yu,0,0,2,2,2
1005,Roaring Moon,1,6,0,7,15
1006,Iron Valiant,4,4,12,20,32
1007,Koraidon,0,6,3,9,15
1008,Miraidon,1,2,1,4,8
1009,Walking Wake,0,0,3,3,3
1010,Iron Leaves,0,0,0,0,0
1011,Ogerpon,0,0,0,0,0
1012,Okidogi,0,0,0,0,0
1013,Munkidori,0,1,1,2,3
1014,Fezandipiti,0,0,0,0,0
1015,Terapagos,0,0,1,1,1
1016,Alolan Rattata,0,0,0,0,0
1017,Alolan Raticate,0,0,0,0,0
1018,Alolan Raichu,5,8,11,24,42
1019,Alolan Sandshrew,0,2,0,2,4
1020,Alolan Sandslash,3,0,1,4,10
1021,Alolan Vulpix,7,12,8,27,53
1022,Alolan Ninetales,10,21,13,44,85
1023,Alolan Diglett,0,0,0,0,0
1024,Alolan Dugtrio,0,0,1,1,1
1025,Alolan Meowth,0,1,0,1,2
1026,Alolan Persian,0,0,0,0,0
1027,Alolan Geodude,0,0,0,0,0
1028,Alolan Graveler,0,0,0,0,0
1029,Alolan Golem,0,1,0,1,2
1030,Alolan Grimer,0,0,1,1,1
1031,Alolan Muk,3,6,3,12,24
1032,Alolan Exeggutor,0,0,4,4,4
1033,Alolan Marowak,2,2,6,10,16
1034,Galarian Meowth,0,0,1,1,1
1035,Galarian Ponyta,0,1,5,6,7
1036,Galarian Rapidash,2,1,4,7,12
1037,Galarian Farfetch'd,0,0,1,1,1
1038,Galarian Weezing,0,1,1,2,3
1039,Galarian Mr. Mime,0,1,0,1,2
1040,Galarian Corsola,1,0,1,2,4
1041,Galarian Zigzagoon,1,3,1,5,10
1042,Galarian Linoone,0,0,0,0,0
1043,Galarian Darumaka,0,0,0,0,0
1044,Galarian Darmanitan,1,1,2,4,7
1045,Galarian Yamask,0,0,0,0,0
1046,Galarian Stunfisk,0,1,1,2,3
1047,Galarian Slowpoke,0,0,0,0,0
1048,Galarian Slowbro,0,0,3,3,3
1049,Galarian Articuno,0,1,1,2,3
1050,Galarian Zapdos,0,3,2,5,8
1051,Galarian Moltres,0,2,2,4,6
1052,Galarian Slowking,0,0,1,1,1
1053,Hisuian Growlithe,1,0,0,1,3
1054,Hisuian Arcanine,0,3,5,8,11
1055,Hisuian Voltorb,0,1,1,2,3
1056,Hisuian Electrode,0,1,1,2,3
1057,Hisuian Typhlosion,4,5,7,16,29
1058,Hisuian Qwilfish,0,0,0,0,0
1059,Hisuian Sneasel,0,1,0,1,2
1060,Hisuian Samurott,5,2,4,11,23
1061,Hisuian Lilligant,1,1,0,2,5
1062,Hisuian Zorua,2,5,8,15,24
1063,Hisuian Zoroark,13,14,18,45,85
1064,Hisuian Braviary,1,1,0,2,5
1065,Hisuian Sliggoo,0,0,0,0,0
1066,Hisuian Goodra,1,4,8,13,19
1067,Hisuian Avalugg,1,0,0,1,3
1068,Hisuian Decidueye,6,2,0,8,22
1069,Paldean Tauros,0,3,2,5,8
1070,Paldean Wooper,0,3,6,9,12